{
  "settings_iterations": 4,
  "settings_block_limit": 100,
  "settings_selection_strategy": "Seed",
  "settings_initial_seed_or_offset": 1,
  "settings_disassemble_unaligned": false,
  "settings_stack_words": 16,
  "preconditions": [
    "[RSP, 0, 140737488347152, 64]",
    "[IRDst, 0, 4248151, 64]",
    "[RAX, 0, 0, 64]",
    "[RBX, 0, 4258304, 64]",
    "[RCX, 0, 140737488348687, 64]",
    "[RDX, 0, 0, 64]",
    "[RSI, 0, 140737488348673, 64]",
    "[RDI, 0, 140737488347608, 64]",
    "[RBP, 0, 140737488347664, 64]",
    "[R8, 0, 0, 64]",
    "[R9, 0, 0, 64]",
    "[R10, 0, 18446744073709548150, 64]",
    "[R11, 0, 4, 64]",
    "[R12, 0, 4201232, 64]",
    "[R13, 0, 140737488347904, 64]",
    "[R14, 0, 0, 64]",
    "[R15, 0, 0, 64]"
  ],
  "postconditions": [
    "[IRDst, -1, 8399991, 64]",
    "[RAX, -1, 59, 64]",
    "[RSI, -1, 0, 64]",
    "[RDX, -1, 0, 64]"
  ],
  "num_all_gadget_addresses": 544,
  "num_selected_gadget_addresses": 100,
  "num_asm_gadgets": 100,
  "num_ir_gadgets": 100,
  "time_encoding": 4.841064691543579,
  "time_solver": 7.595843076705933,
  "result": "UNSAT"
}